S.No.,Base Form,Past Form,Past Participle Form,s / es/ ies
1,abash,abashed,abashed,abashes
2,abate,abated,abated,abates
3,abide,abode,abode,abides
4,absorb,absorbed,absorbed,absorbs
5,accept,accepted,accepted,accepts
6,accompany,accompanied,accompanied,accompanies
7,ache,ached,ached,aches
8,achieve,achieved,achieved,achieves
9,acquire,acquired,acquired,acquires
10,act,acted,acted,acts
11,add,added,added,adds
12,address,addressed,addressed,addresses
13,adjust,adjusted,adjusted,adjusts
14,admire,admired,admired,admires
15,admit,admitted,admitted,admits
16,advise,advised,advised,advises
17,afford,afforded,afforded,affords
18,agree,agreed,agreed,agrees
19,alight,alit,alit,alights
20,allow,allowed,allowed,allows
21,animate,animated,animated,animates
22,announce,announced,announced,announces
23,answer,answered,answered,answers
24,apologize,apologized,apologized,apologizes
25,appear,appeared,appeared,appears
26,applaud,applauded,applauded,applauds
27,apply,applied,applied,applies
28,approach,approached,approached,approaches
29,approve,approved,approved,approves
30,argue,argued,argued,argues
31,arise,arose,arisen,arises
32,arrange,arranged,arranged,arranges
33,arrest,arrested,arrested,arrests
34,ask,asked,asked,asks
35,assert,asserted,asserted,asserts
36,assort,assorted,assorted,assorts
37,astonish,astonished,astonished,astonishes
38,attack,attacked,attacked,attacks
39,attend,attended,attended,attends
40,attract,attracted,attracted,attracts
41,audit,audited,audited,audits
42,avoid,avoided,avoided,avoids
43,awake,awoke,awoken,awakes
44,bang,banged,banged,bangs
45,banish,banished,banished,banishes
46,bash,bashed,bashed,bashes
47,bat,batted,batted,bats
48,"be (am,are)",was / were,been,is
49,bear,bore,born,bears
50,bear,bore,borne,bears
51,beat,beat,beaten,beats
52,beautify,beautified,beautified,beautifies
53,become,became,become,becomes
54,befall,befell,befallen,befalls
55,beg,begged,begged,begs
56,begin,began,begun,begins
57,behave,behaved,behaved,behaves
58,behold,beheld,beheld,beholds
59,believe,believed,believed,believes
60,belong,belonged,belonged,belongs
61,bend,bent,bent,bends
62,bereave,bereft,bereft,bereaves
63,beseech,besought,besought,beseeches
64,bet,bet,bet,bets
65,betray,betrayed,betrayed,betrays
66,bid,bade,bidden,bids
67,bid,bid,bid,bids
68,bind,bound,bound,binds
69,bite,bit,bitten,bites
70,bleed,bled,bled,bleeds
71,bless,blessed,blessed,blesses
72,blossom,blossomed,blossomed,blossoms
73,blow,blew,blown,blows
74,blur,blurred,blurred,blurs
75,blush,blushed,blushed,blushes
76,board,boarded,boarded,boards
77,boast,boasted,boasted,boasts
78,boil,boiled,boiled,boils
79,bow,bowed,bowed,bows
80,box,boxed,boxed,boxes
81,bray,brayed,brayed,brays
82,break,broke,broken,breaks
83,breathe,breathed,breathed,breathes
84,breed,bred,bred,breeds
85,bring,brought,brought,brings
86,broadcast,broadcast,broadcast,broadcasts
87,brush,brushed,brushed,brushes
88,build,built,built,builds
89,burn,burnt,burnt,burns
90,burst,burst,burst,bursts
91,bury,buried,buried,buries
92,bust,bust,bust,busts
93,buy,bought,bought,buys
94,buzz,buzzed,buzzed,buzzes
95,calculate,calculated,calculated,calculates
96,call,called,called,calls
97,canvass,canvassed,canvassed,canvasses
98,capture,captured,captured,captures
99,caress,caressed,caressed,caresses
100,carry,carried,carried,carries
101,carve,carved,carved,carves
102,cash,cashed,cashed,cashes
103,cast,cast,cast,casts
104,catch,caught,caught,catches
105,cause,caused,caused,causes
106,cease,ceased,ceased,ceases
107,celebrate,celebrated,celebrated,celebrates
108,challenge,challenged,challenged,challenges
109,change,changed,changed,changes
110,charge,charged,charged,charges
111,chase,chased,chased,chases
112,chat,chatted,chatted,chats
113,check,checked,checked,checks
114,cheer,cheered,cheered,cheers
115,chew,chewed,chewed,chews
116,chide,chid,chid/chidden,chides
117,chip,chipped,chipped,chips
118,choke,choked,choked,chokes
119,choose,chose,chosen,chooses
120,classify,classified,classified,classifies
121,clean,cleaned,cleaned,cleans
122,cleave,clove/cleft,cloven/cleft,cleaves
123,click,clicked,clicked,clicks
124,climb,climbed,climbed,climbs
125,cling,clung,clung,clings
126,close,closed,closed,closes
127,clothe,clad,clad,clothes
128,clutch,clutched,clutched,clutches
129,collapse,collapsed,collapsed,collapses
130,collect,collected,collected,collects
131,colour,coloured,coloured,colours
132,come,came,come,comes
133,comment,commented,commented,comments
134,compare,compared,compared,compares
135,compel,compelled,compelled,compels
136,compete,competed,competed,competes
137,complain,complained,complained,complains
138,complete,completed,completed,completes
139,conclude,concluded,concluded,concludes
140,conduct,conducted,conducted,conducts
141,confess,confessed,confessed,confesses
142,confine,confined,confined,confines
143,confiscate,confiscated,confiscated,confiscates
144,confuse,confused,confused,confuses
145,congratulate,congratulated,congratulated,congratulates
146,connect,connected,connected,connects
147,connote,connoted,connoted,connotes
148,conquer,conquered,conquered,conquers
149,consecrate,consecrated,consecrated,consecrates
150,consent,consented,consented,consents
151,conserve,conserved,conserved,conserves
152,consider,considered,considered,considers
153,consign,consigned,consigned,consigns
154,consist,consisted,consisted,consists
155,console,consoled,consoled,consoles
156,consort,consorted,consorted,consorts
157,conspire,conspired,conspired,conspires
158,constitute,constituted,constituted,constitutes
159,constrain,constrained,constrained,constrains
160,construct,constructed,constructed,constructs
161,construe,construed,construed,construes
162,consult,consulted,consulted,consults
163,contain,contained,contained,contains
164,contemn,contemned,contemned,contemns
165,contend,contended,contended,contends
166,contest,contested,contested,contests
167,continue,continued,continued,continues
168,contract,contracted,contracted,contracts
169,contradict,contradicted,contradicted,contradicts
170,contrast,contrasted,contrasted,contrasts
171,contribute,contributed,contributed,contributes
172,contrive,contrived,contrived,contrives
173,control,controlled,controlled,controls
174,convene,convened,convened,convenes
175,converge,converged,converged,converges
176,converse,conversed,conversed,converses
177,convert,converted,converted,converts
178,convey,conveyed,conveyed,conveys
179,convict,convicted,convicted,convicts
180,convince,convinced,convinced,convinces
181,coo,cooed,cooed,coos
182,cook,cooked,cooked,cooks
183,cool,cooled,cooled,cools
184,co-operate,co-operated,co-operated,co-operates
185,cope,coped,cope,copes
186,copy,copied,copied,copies
187,correct,corrected,corrected,corrects
188,correspond,corresponded,corresponded,corresponds
189,corrode,corroded,corroded,corrodes
190,corrupt,corrupted,corrupted,corrupts
191,cost,cost,cost,costs
192,cough,coughed,coughed,coughs
193,counsel,counselled,counselled,counsels
194,count,counted,counted,counts
195,course,coursed,coursed,courses
196,cover,covered,covered,covers
197,cower,cowered,cowered,cowers
198,crack,cracked,cracked,cracks
199,crackle,crackled,crackled,crackles
200,crash,crashed,crashed,crashes
201,crave,craved,craved,craves
202,create,created,created,creates
203,creep,crept,crept,creeps
204,crib,cribbed,cribbed,cribs
205,cross,crossed,crossed,crosses
206,crowd,crowded,crowded,crowds
207,crush,crushed,crushed,crushes
208,cry,cried,cried,cries
209,curb,curbed,curbed,curbs
210,cure,cured,cured,cures
211,curve,curved,curved,curves
212,cut,cut,cut,cuts
213,cycle,cycled,cycled,cycles
214,damage,damaged,damaged,damages
215,damp,damped,damped,damps
216,dance,danced,danced,dances
217,dare,dared,dared,dares
218,dash,dashed,dashed,dashes
219,dazzle,dazzled,dazzled,dazzles
220,deal,dealt,dealt,deals
221,decay,decayed,decayed,decays
222,decide,decided,decided,decides
223,declare,declared,declared,declares
224,decorate,decorated,decorated,decorates
225,decrease,decreased,decreased,decreases
226,dedicate,dedicated,dedicated,dedicates
227,delay,delayed,delayed,delays
228,delete,deleted,deleted,deletes
229,deny,denied,denied,denies
230,depend,depended,depended,depends
231,deprive,deprived,deprived,deprives
232,derive,derived,derived,derives
233,describe,described,described,describes
234,desire,desired,desired,desires
235,destroy,destroyed,destroyed,destroys
236,detach,detached,detached,detaches
237,detect,detected,detected,detects
238,determine,determined,determined,determines
239,develop,developed,developed,develops
240,die,died,died,dies
241,differ,differed,differed,differs
242,dig,dug,dug,digs
243,digest,digested,digested,digests
244,dim,dimmed,dimmed,dims
245,diminish,diminished,diminished,diminishes
246,dine,dined,dined,dines
247,dip,dipped,dipped,dips
248,direct,directed,directed,directs
249,disappear,disappeared,disappeared,disappears
250,discover,discovered,discovered,discovers
251,discuss,discussed,discussed,discusses
252,disobey,disobeyed,disobeyed,disobeys
253,display,displayed,displayed,displays
254,dispose,disposed,disposed,disposes
255,distribute,distributed,distributed,distributes
256,disturb,disturbed,disturbed,disturbs
257,disuse,disused,disused,disuses
258,dive,dived ,dived,dives
259,divide,divided,divided,divides
260,do,did,done,does
261,donate,donated,donated,donates
262,download,downloaded,downloaded,downloads
263,drag,dragged,dragged,drags
264,draw,drew,drawn,draws
265,dream,dreamt,dreamt,dreams
266,dress,dressed,dressed,dresses
267,drill,drilled,drilled,drills
268,drink,drank,drunk,drinks
269,drive,drove,driven,drives
270,drop,dropped,dropped,drops
271,dry,dried,dried,dries
272,dump,dumped,dumped,dumps
273,dwell,dwelt,dwelt,dwells
274,dye,dyed,dyed,dyes
275,earn,earned,earned,earns
276,eat,ate,eaten,eats
277,educate,educated,educated,educates
278,empower,empowered,empowered,empowers
279,empty,emptied,emptied,empties
280,encircle,encircled,encircled,encircles
281,encourage,encouraged,encouraged,encourages
282,encroach,encroached,encroached,encroaches
283,endanger,endangered,endangered,endangers
284,endorse,endorsed,endorsed,endorses
285,endure,endured,endured,endures
286,engrave,engraved,engraved,engraves
287,enjoy,enjoyed,enjoyed,enjoys
288,enlarge,enlarged,enlarged,enlarges
289,enlighten,enlightened,enlightened,enlightens
290,enter,entered,entered,enters
291,envy,envied,envied,envies
292,erase,erased,erased,erases
293,escape,escaped,escaped,escapes
294,evaporate,evaporated,evaporated,evaporates
295,exchange,exchanged,exchanged,exchanges
296,exclaim,exclaimed,exclaimed,exclaims
297,exclude,excluded,excluded,excludes
298,exist,existed,existed,exists
299,expand,expanded,expanded,expands
300,expect,expected,expected,expects
301,explain,explained,explained,explains
302,explore,explored,explored,explores
303,express,expressed,expressed,expresses
304,extend,extended,extended,extends
305,eye,eyed,eyed,eyes
306,face,faced,faced,faces
307,fail,failed,failed,fails
308,faint,fainted,fainted,faints
309,fall,fell,fallen,falls
310,fan,fanned,fanned,fans
311,fancy,fancied,fancied,fancies
312,favour,favoured,favoured,favours
313,fax,faxed,faxed,faxes
314,feed,fed,fed,feeds
315,feel,felt,felt,feels
316,ferry,ferried,ferried,ferries
317,fetch,fetched,fetched,fetches
318,fight,fought,fought,fights
319,fill,filled,filled,fills
320,find,found,found,finds
321,finish,finished,finished,finishes
322,fish,fished,fished,fishes
323,fit,fit/fitted,fit/fitted,fits
324,fix,fixed,fixed,fixes
325,fizz,fizzed,fizzed,fizzes
326,flap,flapped,flapped,flaps
327,flash,flashed,flashed,flashes
328,flee,fled,fled,flees
329,fling,flung,flung,flings
330,float,floated,floated,floats
331,flop,flopped,flopped,flops
332,fly,flew,flown,flies
333,fold,folded,folded,folds
334,follow,followed,followed,follows
335,forbid,forbade,forbidden,forbids
336,force,forced,forced,forces
337,forecast,forecast,forecast,forecasts
338,foretell,foretold,foretold,foretells
339,forget,forgot,forgotten,forgets
340,forgive,forgave,forgiven,forgives
341,forlese,forlore,forlorn,forlese
342,form,formed,formed,forms
343,forsake,forsook,forsaken,forsakes
344,found,founded,founded,founds
345,frame,framed,framed,frames
346,free,freed,freed,frees
347,freeze,froze,frozen,freezes
348,frighten,frightened,frightened,frightens
349,fry,fried,fried,fries
350,fulfil,fulfilled,fulfilled,fulfils
351,gag,gagged,gagged,gags
352,gain,gained,gained,gains
353,gainsay,gainsaid,gainsaid,gainsays
354,gash,gashed,gashed,gashes
355,gaze,gazed,gazed,gazes
356,get,got,got,gets
357,give,gave,given,gives
358,glance,glanced,glanced,glances
359,glitter,glittered,glittered,glitters
360,glow,glowed,glowed,glows
361,go,went,gone,goes
362,google,googled,googled,googles
363,govern,governed,governed,governs
364,grab,grabbed,grabbed,grabs
365,grade,graded,graded,grades
366,grant,granted,granted,grants
367,greet,greeted,greeted,greets
368,grind,ground,ground,grinds
369,grip,gripped,gripped,grips
370,grow,grew,grown,grows
371,guard,guarded,guarded,guards
372,guess,guessed,guessed,guesses
373,guide,guided,guided,guides
374,handle,handled,handled,handles
375,hang,hung,hung,hangs
376,happen,happened,happened,happens
377,harm,harmed,harmed,harms
378,hatch,hatched,hatched,hatches
379,hate,hated,hated,hates
380,have,had,had,has
381,heal,healed,healed,heals
382,hear,heard,heard,hears
383,heave,hove,hove,heaves
384,help,helped,helped,helps
385,hew,hewed,hewn,hews
386,hide,hid,hidden,hides
387,hinder,hindered,hindered,hinders
388,hiss,hissed,hissed,hisses
389,hit,hit,hit,hits
390,hoax,hoaxed,hoaxed,hoaxes
391,hold,held,held,holds
392,hop,hopped,hopped,hops
393,hope,hoped,hoped,hopes
394,horrify,horrified,horrified,horrifies
395,hug,hugged,hugged,hugs
396,hum,hummed,hummed,hums
397,humiliate,humiliated,humiliated,humiliates
398,hunt,hunted,hunted,hunts
399,hurl,hurled,hurled,hurls
400,hurry,hurried,hurried,hurries
401,hurt,hurt,hurt,hurts
402,hush,hushed,hushed,hushes
403,hustle,hustled,hustled,hustles
404,hypnotize,hypnotized,hypnotized,hypnotizes
405,idealize,idealized,idealized,idealizes
406,identify,identified,identified,identifies
407,idolize,idolized,idolized,idolizes
408,ignite,ignited,ignited,ignites
409,ignore,ignored,ignored,ignores
410,ill-treat,ill-treated,ill-treated,ill-treats
411,illuminate,illuminated,illuminated,illuminates
412,illumine,illumined,illumined,illumines
413,illustrate,illustrated,illustrated,illustrates
414,imagine,imagined,imagined,imagines
415,imbibe,imbibed,imbibed,imbibes
416,imitate,imitated,imitated,imitates
417,immerse,immersed,immersed,immerses
418,immolate,immolated,immolated,immolates
419,immure,immured,immured,immures
420,impair,impaired,impaired,impairs
421,impart,imparted,imparted,imparts
422,impeach,impeached,impeached,impeaches
423,impede,impeded,impeded,impedes
424,impel,impelled,impelled,impels
425,impend,impended,impended,impends
426,imperil,imperilled,imperilled,imperils
427,impinge,impinged,impinged,impinges
428,implant,implanted,implanted,implants
429,implicate,implicated,implicated,implicates
430,implode,imploded,imploded,implodes
431,implore,implored,implored,implores
432,imply,implied,implied,implies
433,import,imported,imported,imports
434,impose,imposed,imposed,imposes
435,impress,impressed,impressed,impresses
436,imprint,imprinted,imprinted,imprints
437,imprison,imprisoned,imprisoned,imprisons
438,improve,improved,improved,improves
439,inaugurate,inaugurated,inaugurated,inaugurates
440,incise,incised,incised,incises
441,include,included,included,includes
442,increase,increased,increased,increases
443,inculcate,inculcated,inculcated,inculcates
444,indent,indented,indented,indents
445,indicate,indicated,indicated,indicates
446,induce,induced,induced,induces
447,indulge,indulged,indulged,indulges
448,infect,infected,infected,infects
449,infest,infested,infested,infests
450,inflame,inflamed,inflamed,inflames
451,inflate,inflated,inflated,inflates
452,inflect,inflected,inflected,inflects
453,inform,informed,informed,informs
454,infringe,infringed,infringed,infringes
455,infuse,infused,infused,infuses
456,ingest,ingested,ingested,ingests
457,inhabit,inhabited,inhabited,inhabits
458,inhale,inhaled,inhaled,inhales
459,inherit,inherited,inherited,inherits
460,initiate,initiated,initiated,initiates
461,inject,injected,injected,injects
462,injure,injured,injured,injures
463,inlay,inlaid,inlaid,inlays
464,innovate,innovated,innovated,innovates
465,input,input,input,inputs
466,inquire,inquired,inquired,inquires
467,inscribe,inscribed,inscribed,inscribes
468,insert,inserted,inserted,inserts
469,inspect,inspected,inspected,inspects
470,inspire,inspired,inspired,inspires
471,install,installed,installed,installs
472,insult,insulted,insulted,insults
473,insure,insured,insured,insures
474,integrate,integrated,integrated,integrates
475,introduce,introduced,introduced,introduces
476,invent,invented,invented,invents
477,invite,invited,invited,invites
478,join,joined,joined,joins
479,jump,jumped,jumped,jumps
480,justify,justified,justified,justifies
481,keep,kept,kept,keeps
482,kick,kicked,kicked,kicks
483,kid,kidded,kidded,kids
484,kill,killed,killed,kills
485,kiss,kissed,kissed,kisses
486,kneel,knelt,knelt,kneels
487,knit,knit,knit,knits
488,knock,knocked,knocked,knocks
489,know,knew,known,knows
490,lade,laded,laden,lades
491,land,landed,landed,lands
492,last,lasted,lasted,lasts
493,latch,latched,latched,latches
494,laugh,laughed,laughed,laughs
495,lay,laid,laid,lays
496,lead,led,led,leads
497,leak,leaked,leaked,leaks
498,lean,leant,leant,leans
499,leap,leapt,leapt,leaps
500,learn,learnt,learnt,learns
501,leave,left,left,leaves
502,leer,leered,leered,leers
503,lend,lent,lent,lends
504,let,let,let,lets
505,lick,licked,licked,licks
506,lie,lay,lain,lies
507,lie,lied,lied,lies
508,lift,lifted,lifted,lifts
509,light,lit,lit,lights
510,like,liked,liked,likes
511,limp,limped,limped,limps
512,listen,listened,listened,listens
513,live,lived,lived,lives
514,look,looked,looked,looks
515,lose,lost,lost,loses
516,love,loved,loved,loves
517,magnify,magnified,magnified,magnifies
518,maintain,maintained,maintained,maintains
519,make,made,made,makes
520,manage,managed,managed,manages
521,march,marched,marched,marches
522,mark,marked,marked,marks
523,marry,married,married,marries
524,mash,mashed,mashed,mashes
525,match,matched,matched,matches
526,matter,mattered,mattered,matters
527,mean,meant,meant,means
528,measure,measured,measured,measures
529,meet,met,met,meets
530,melt,melted,melted,melts
531,merge,merged,merged,merges
532,mew,mewed,mewed,mews
533,migrate,migrated,migrated,migrates
534,milk,milked,milked,milks
535,mind,minded,minded,minds
536,mislead,misled,misled,misleads
537,miss,missed,missed,misses
538,mistake,mistook,mistaken,mistakes
539,misuse,misused,misused,misuses
540,mix,mixed,mixed,mixes
541,moan,moaned,moaned,moans
542,modify,modified,modified,modifies
543,moo,mooed,mooed,moos
544,motivate,motivated,motivated,motivates
545,mould,moulded,moulded,moulds
546,moult,moulted,moulted,moults
547,move,moved,moved,moves
548,mow,mowed,mown,mows
549,multiply,multiplied,multiplied,multiplies
550,murmur,murmured,murmured,murmurs
551,nail,nailed,nailed,nails
552,nap,napped,napped,naps
553,need,needed,needed,needs
554,neglect,neglected,neglected,neglects
555,nip,nipped,nipped,nips
556,nod,nodded,nodded,nods
557,note,noted,noted,notes
558,notice,noticed,noticed,notices
559,notify,notified,notified,notifies
560,nourish,nourished,nourished,nourishes
561,nurse,nursed,nursed,nurses
562,obey,obeyed,obeyed,obeys
563,oblige,obliged,obliged,obliges
564,observe,observed,observed,observes
565,obstruct,obstructed,obstructed,obstructs
566,obtain,obtained,obtained,obtains
567,occupy,occupied,occupied,occupies
568,occur,occurred,occurred,occurs
569,offer,offered,offered,offers
570,offset,offset,offset,offsets
571,omit,omitted,omitted,omits
572,ooze,oozed,oozed,oozes
573,open,opened,opened,opens
574,operate,operated,operated,operates
575,opine,opined,opined,opines
576,oppress,oppressed,oppressed,oppresses
577,opt,opted,opted,opts
578,optimize,optimized,optimized,optimizes
579,order,ordered,ordered,orders
580,organize,organized,organized,organizes
581,originate,originated,originated,originates
582,output,output,output,outputs
583,overflow,overflowed,overflowed,overflows
584,overtake,overtook,overtaken,overtakes
585,owe,owed,owed,owes
586,own,owned,owned,owns
587,pacify,pacified,pacified,pacifies
588,paint,painted,painted,paints
589,pardon,pardoned,pardoned,pardons
590,part,parted,parted,parts
591,partake,partook,partaken,partakes
592,participate,participated,participated,participates
593,pass,passed,passed,passes
594,paste,pasted,pasted,pastes
595,pat,patted,patted,pats
596,patch,patched,patched,patches
597,pause,paused,paused,pauses
598,pay,paid,paid,pays
599,peep,peeped,peeped,peeps
600,perish,perished,perished,perishes
601,permit,permitted,permitted,permits
602,persuade,persuaded,persuaded,persuades
603,phone,phoned,phoned,phones
604,place,placed,placed,places
605,plan,planned,planned,plans
606,play,played,played,plays
607,plead,pled,pled,pleads
608,please,pleased,pleased,pleases
609,plod,plodded,plodded,plods
610,plot,plotted,plotted,plots
611,pluck,plucked,plucked,plucks
612,ply,plied,plied,plies
613,point,pointed,pointed,points
614,polish,polished,polished,polishes
615,pollute,polluted,polluted,pollutes
616,ponder,pondered,pondered,ponders
617,pour,poured,poured,pours
618,pout,pouted,pouted,pouts
619,practise,practised,practised,practises
620,praise,praised,praised,praises
621,pray,prayed,prayed,prays
622,preach,preached,preached,preaches
623,prefer,preferred,preferred,prefers
624,prepare,prepared,prepared,prepares
625,prescribe,prescribed,prescribed,prescribes
626,present,presented,presented,presents
627,preserve,preserved,preserved,preserves
628,preset,preset,preset,presets
629,preside,presided,presided,presides
630,press,pressed,pressed,presses
631,pretend,pretended,pretended,pretends
632,prevent,prevented,prevented,prevents
633,print,printed,printed,prints
634,proceed,proceeded,proceeded,proceeds
635,produce,produced,produced,produces
636,progress,progressed,progressed,progresses
637,prohibit,prohibited,prohibited,prohibits
638,promise,promised,promised,promises
639,propose,proposed,proposed,proposes
640,prosecute,prosecuted,prosecuted,prosecutes
641,protect,protected,protected,protects
642,prove,proved,proved,proves
643,provide,provided,provided,provides
644,pull,pulled,pulled,pulls
645,punish,punished,punished,punishes
646,purify,purified,purified,purifies
647,push,pushed,pushed,pushes
648,put,put,put,puts
649,qualify,qualified,qualified,qualifies
650,quarrel,quarrelled,quarrelled,quarrels
651,question,questioned,questioned,questions
652,quit,quit,quit,quits
653,race,raced,raced,races
654,rain,rained,rained,rains
655,rattle,rattled,rattled,rattles
656,reach,reached,reached,reaches
657,read,read,read,reads
658,realize,realized,realized,realizes
659,rebuild,rebuilt,rebuilt,rebuilds
660,recall,recalled,recalled,recalls
661,recast,recast,recast,recasts
662,receive,received,received,receives
663,recite,recited,recited,recites
664,recognize,recognized,recognized,recognizes
665,recollect,recollected,recollected,recollects
666,recur,recurred,recurred,recurs
667,redo,redid,redone,redoes
668,reduce,reduced,reduced,reduces
669,refer,referred,referred,refers
670,reflect,reflected,reflected,reflects
671,refuse,refused,refused,refuses
672,regard,regarded,regarded,regards
673,regret,regretted,regretted,regrets
674,relate,related,related,relates
675,relax,relaxed,relaxed,relaxes
676,rely,relied,relied,relies
677,remain,remained,remained,remains
678,remake,remade,remade,remakes
679,remove,removed,removed,removes
680,rend,rent,rent,rends
681,renew,renewed,renewed,renews
682,renounce,renounced,renounced,renounces
683,repair,repaired,repaired,repairs
684,repeat,repeated,repeated,repeats
685,replace,replaced,replaced,replaces
686,reply,replied,replied,replies
687,report,reported,reported,reports
688,request,requested,requested,requests
689,resell,resold,resold,resells
690,resemble,resembled,resembled,resembles
691,reset,reset,reset,resets
692,resist,resisted,resisted,resists
693,resolve,resolved,resolved,resolves
694,respect,respected,respected,respects
695,rest,rested,rested,rests
696,restrain,restrained,restrained,restrains
697,retain,retained,retained,retains
698,retch,retched,retched,retches
699,retire,retired,retired,retires
700,return,returned,returned,returns
701,reuse,reused,reused,reuses
702,review,reviewed,reviewed,reviews
703,rewind,rewound,rewound,rewinds
704,rid,rid,rid,rids
705,ride,rode,ridden,rides
706,ring,rang,rung,rings
707,rise,rose,risen,rises
708,roar,roared,roared,roars
709,rob,robbed,robbed,robs
710,roll,rolled,rolled,rolls
711,rot,rotted,rotted,rots
712,rub,rubbed,rubbed,rubs
713,rule,ruled,ruled,rules
714,run,ran,run,runs
715,rush,rushed,rushed,rushes
716,sabotage,sabotaged,sabotaged,sabotages
717,sack,sacked,sacked,sacks
718,sacrifice,sacrificed,sacrificed,sacrifices
719,sadden,saddened,saddened,saddens
720,saddle,saddled,saddled,saddles
721,sag,sagged,sagged,sags
722,sail,sailed,sailed,sails
723,sally,sallied,sallied,sallies
724,salute,saluted,saluted,salutes
725,salvage,salvaged,salvaged,salvages
726,salve,salved,salved,salves
727,sample,sampled,sampled,samples
728,sanctify,sanctified,sanctified,sanctifies
729,sanction,sanctioned,sanctioned,sanctions
730,sap,sapped,sapped,saps
731,saponify,saponified,saponified,saponifies
732,sash,sashed,sashed,sashes
733,sashay,sashayed,sashayed,sashays
734,sass,sassed,sassed,sasses
735,sate,sated,sated,sates
736,satiate,satiated,satiated,satiates
737,satirise,satirised,satirised,satirises
738,satisfy,satisfied,satisfied,satisfies
739,saturate,saturated,saturated,saturates
740,saunter,sauntered,sauntered,saunters
741,save,saved,saved,saves
742,savor,savored,savored,savors
743,savvy,savvied,savvied,savvies
744,saw,sawed,sawn,saws
745,say,said,said,says
746,scab,scabbed,scabbed,scabs
747,scabble,scabbled,scabbled,scabbles
748,scald,scalded,scalded,scalds
749,scale,scaled,scaled,scales
750,scam,scammed,scammed,scams
751,scan,scanned,scanned,scans
752,scant,scanted,scanted,scants
753,scar,scarred,scarred,scars
754,scare,scared,scared,scares
755,scarify,scarified,scarified,scarifies
756,scarp,scarped,scarped,scarps
757,scat,scatted,scatted,scats
758,scatter,scattered,scattered,scatters
759,scold,scolded,scolded,scolds
760,scorch,scorched,scorched,scorches
761,scowl,scowled,scowled,scowls
762,scrawl,scrawled,scrawled,scrawls
763,scream,screamed,screamed,screams
764,screw,screwed,screwed,screws
765,scrub,scrubbed,scrubbed,scrubs
766,search,searched,searched,searches
767,seat,seated,seated,seats
768,secure,secured,secured,secures
769,see,saw,seen,sees
770,seek,sought,sought,seeks
771,seem,seemed,seemed,seems
772,seize,seized,seized,seizes
773,select,selected,selected,selects
774,sell,sold,sold,sells
775,send,sent,sent,sends
776,sentence,sentenced,sentenced,sentences
777,separate,separated,separated,separates
778,set,set,set,sets
779,sever,severed,severed,severs
780,sew,sewed,sewn,sews
781,shake,shook,shaken,shakes
782,shape,shaped,shaped,shapes
783,share,shared,shared,shares
784,shatter,shattered,shattered,shatters
785,shave,shove,shaven,shaves
786,shear,shore,shorn,shears
787,shed,shed,shed,sheds
788,shine,shone,shone,shines
789,shirk,shirked,shirked,shirks
790,shit,shit,shit,shits
791,shiver,shivered,shivered,shivers
792,shock,shocked,shocked,shocks
793,shoe,shod,shod,shoes
794,shoot,shot,shot,shoots
795,shorten,shortened,shortened,shortens
796,shout,shouted,shouted,shouts
797,show,showed,shown,shows
798,shrink,shrank,shrunk,shrinks
799,shun,shunned,shunned,shuns
800,shut,shut,shut,shuts
801,sight,sighted,sighted,sights
802,signal,signalled,signalled,signals
803,signify,signified,signified,signifies
804,sing,sang,sung,sings
805,sink,sank,sunk,sinks
806,sip,sipped,sipped,sips
807,sit,sat,sat,sits
808,ski,skied,skied,skis
809,skid,skidded,skidded,skids
810,slam,slammed,slammed,slams
811,slay,slew,slain,slays
812,sleep,slept,slept,sleeps
813,slide,slid,slid/slide,slides
814,slim,slimmed,slimmed,slims
815,sling,slung,slung,slings
816,slink,slunk,slunk,slinks
817,slip,slipped,slipped,slips
818,slit,slit,slit,slits
819,smash,smashed,smashed,smashes
820,smell,smelt,smelt,smells
821,smile,smiled,smiled,smiles
822,smite,smote,smitten,smites
823,smooth,smoothed,smoothed,smoothes
824,smother,smothered,smothered,smothers
825,snap,snapped,snapped,snaps
826,snatch,snatched,snatched,snatches
827,sneak,snuck,snuck,sneaks
828,sneeze,sneezed,sneezed,sneezes
829,sniff,sniffed,sniffed,sniffs
830,soar,soared,soared,soars
831,sob,sobbed,sobbed,sobs
832,solicit,solicited,solicited,solicits
833,solve,solved,solved,solves
834,soothe,soothed,soothed,soothes
835,sort,sorted,sorted,sorts
836,sow,sowed,sowed,sows
837,sparkle,sparkled,sparkled,sparkles
838,speak,spoke,spoken,speaks
839,speed,sped,sped,speeds
840,spell,spelt,spelt,spells
841,spend,spent,spent,spends
842,spill,spilt,spilt,spills
843,spin,span/spun,spun,spins
844,spit,spat/spit,spat/spit,spits
845,split,split,split,splits
846,spoil,spoilt,spoilt,spoils
847,spray,sprayed,sprayed,sprays
848,spread,spread,spread,spreads
849,spring,sprang,sprung,springs
850,sprout,sprouted,sprouted,sprouts
851,squeeze,squeezed,squeezed,squeezes
852,stand,stood,stood,stands
853,stare,stared,stared,stares
854,start,started,started,starts
855,state,stated,stated,states
856, , , , 
857,stay,stayed,stayed,stays
858,steal,stole,stolen,steals
859,steep,steeped,steeped,steeps
860,stem,stemmed,stemmed,stems
861,step,stepped,stepped,steps
862,sterilize,sterilized,sterilized,sterilizes
863,stick,stuck,stuck,sticks
864,stimulate,stimulated,stimulated,stimulates
865,sting,stung,stung,stings
866,stink,stank,stunk,stinks
867,stir,stirred,stirred,stirs
868,stitch,stitched,stitched,stitches
869,stoop,stooped,stooped,stoops
870,stop,stopped,stopped,stops
871,store,stored,stored,stores
872,strain,strained,strained,strains
873,stray,strayed,strayed,strays
874,stress,stressed,stressed,stresses
875,stretch,stretched,stretched,stretches
876,strew,strewed,strewn,strews
877,stride,strode,stridden,strides
878,strike,struck,struck/stricken,strikes
879,string,strung,strung,strings
880,strive,strove,striven,strives
881,study,studied,studied,studies
882,submit,submitted,submitted,submits
883,subscribe,subscribed,subscribed,subscribes
884,subtract,subtracted,subtracted,subtracts
885,succeed,succeeded,succeeded,succeeds
886,suck,sucked,sucked,sucks
887,suffer,suffered,suffered,suffers
888,suggest,suggested,suggested,suggests
889,summon,summoned,summoned,summons
890,supply,supplied,supplied,supplies
891,support,supported,supported,supports
892,suppose,supposed,supposed,supposes
893,surge,surged,surged,surges
894,surmise,surmised,surmised,surmises
895,surpass,surpassed,surpassed,surpasses
896,surround,surrounded,surrounded,surrounds
897,survey,surveyed,surveyed,surveys
898,survive,survived,survived,survives
899,swallow,swallowed,swallowed,swallows
900,sway,swayed,swayed,sways
901,swear,swore,sworn,swears
902,sweat,sweat,sweat,sweats
903,sweep,swept,swept,sweeps
904,swell,swelled,swollen,swells
905,swim,swam,swum,swims
906,swing,swung,swung,swings
907,swot,swotted,swotted,swots
908,take,took,taken,takes
909,talk,talked,talked,talks
910,tap,tapped,tapped,taps
911,taste,tasted,tasted,tastes
912,tax,taxed,taxed,taxes
913,teach,taught,taught,teaches
914,tear,tore,torn,tears
915,tee,teed,teed,tees
916,tell,told,told,tells
917,tempt,tempted,tempted,tempts
918,tend,tended,tended,tends
919,terminate,terminated,terminated,terminates
920,terrify,terrified,terrified,terrifies
921,test,tested,tested,tests
922,thank,thanked,thanked,thanks
923,think,thought,thought,thinks
924,thrive,throve,thriven,thrives
925,throw,threw,thrown,throws
926,thrust,thrust,thrust,thrusts
927,thump,thumped,thumped,thumps
928,tie,tied,tied,ties
929,tire,tired,tired,tires
930,toss,tossed,tossed,tosses
931,touch,touched,touched,touches
932,train,trained,trained,trains
933,trample,trampled,trampled,tramples
934,transfer,transferred,transferred,transfers
935,transform,transformed,transformed,transforms
936,translate,translated,translated,translates
937,trap,trapped,trapped,traps
938,travel,travelled,travelled,travels
939,tread,trod,trodden,treads
940,treasure,treasured,treasured,treasures
941,treat,treated,treated,treats
942,tree,treed,treed,trees
943,tremble,trembled,trembled,trembles
944,triumph,triumphed,triumphed,triumphs
945,trust,trusted,trusted,trusts
946,try,tried,tried,tries
947,turn,turned,turned,turns
948,type,typed,typed,types
949,typeset,typeset,typeset,typesets
950,understand,understood,understood,understands
951,undo,undid,undone,undoes
952,uproot,uprooted,uprooted,uproots
953,upset,upset,upset,upsets
954,urge,urged,urged,urges
955,use,used,used,uses
956,utter,uttered,uttered,utters
957,value,valued,valued,values
958,vanish,vanished,vanished,vanishes
959,vary,varied,varied,varies
960,verify,verified,verified,verifies
961,vex,vexed,vexed,vexes
962,vie,vied,vied,vies
963,view,viewed,viewed,views
964,violate,violated,violated,violates
965,vomit,vomited,vomited,vomits
966,wake,woke,woken,wakes
967,walk,walked,walked,walks
968,wander,wandered,wandered,wanders
969,want,wanted,wanted,wants
970,warn,warned,warned,warns
971,waste,wasted,wasted,wastes
972,watch,watched,watched,watches
973,water,watered,watered,waters
974,wave,waved,waved,waves
975,wax,waxed,waxed,waxes
976,waylay,waylaid,waylaid,waylays
977,wear,wore,worn,wears
978,weave,wove,woven,weaves
979,wed,wed,wed,weds
980,weep,wept,wept,weeps
981,weigh,weighed,weighed,weighs
982,welcome,welcomed,welcomed,welcomes
983,wend,went,went,wends
984,wet,wet,wet,wets
985,whip,whipped,whipped,whips
986,whisper,whispered,whispered,whispers
987,win,won,won,wins
988,wind,wound,wound,winds
989,wish,wished,wished,wishes
990,withdraw,withdrew,withdrawn,withdraws
991,work,worked,worked,works
992,worry,worried,worried,worries
993,worship,worshipped,worshipped,worships
994,wring,wrung,wrung,wrings
995,write,wrote,written,writes
996,yawn,yawned,yawned,yawns
997,yell,yelled,yelled,yells
998,yield,yielded,yielded,yields
999,zinc,zincked,zincked,zincs
1000,zoom,zoomed,zoomed,zooms